{"cameraMode":{"drawMode":0,"name":"Shaded","section":"Shading Mode"},"sceneLighting":true,"audioPlay":false,"sceneViewState":{"m_AlwaysRefresh":false,"showFog":true,"showSkybox":true,"showFlares":true,"showImageEffects":true,"showParticleSystems":true,"showVisualEffectGraphs":true,"m_FxEnabled":true},"in2DMode":false,"pivot":{"x":19.354450225830079,"y":-45.99114227294922,"z":55.095970153808597},"rotation":{"x":0.25658196210861208,"y":0.011016201227903366,"z":-0.002925650682300329,"w":0.9664592742919922},"size":63.65644836425781,"orthographic":false}